<annotation><size><width>960</width><height>540</height><depth>3</depth></size><object><name>car</name><bndbox><xmin>437</xmin><ymin>443</ymin><xmax>610</xmax><ymax>538</ymax></bndbox></object><object><name>car</name><bndbox><xmin>697</xmin><ymin>281</ymin><xmax>826</xmax><ymax>397</ymax></bndbox></object><object><name>car</name><bndbox><xmin>467</xmin><ymin>156</ymin><xmax>568</xmax><ymax>242</ymax></bndbox></object><object><name>car</name><bndbox><xmin>243</xmin><ymin>144</ymin><xmax>354</xmax><ymax>230</ymax></bndbox></object><object><name>car</name><bndbox><xmin>181</xmin><ymin>121</ymin><xmax>248</xmax><ymax>185</ymax></bndbox></object><object><name>car</name><bndbox><xmin>297</xmin><ymin>107</ymin><xmax>366</xmax><ymax>174</ymax></bndbox></object></annotation>