<annotation><size><width>960</width><height>540</height><depth>3</depth></size><object><name>car</name><bndbox><xmin>377</xmin><ymin>263</ymin><xmax>512</xmax><ymax>380</ymax></bndbox></object><object><name>car</name><bndbox><xmin>824</xmin><ymin>380</ymin><xmax>959</xmax><ymax>510</ymax></bndbox></object><object><name>car</name><bndbox><xmin>663</xmin><ymin>211</ymin><xmax>807</xmax><ymax>351</ymax></bndbox></object><object><name>car</name><bndbox><xmin>272</xmin><ymin>142</ymin><xmax>371</xmax><ymax>232</ymax></bndbox></object><object><name>car</name><bndbox><xmin>393</xmin><ymin>121</ymin><xmax>479</xmax><ymax>199</ymax></bndbox></object></annotation>