<annotation><size><width>960</width><height>540</height><depth>3</depth></size><object><name>car</name><bndbox><xmin>424</xmin><ymin>365</ymin><xmax>586</xmax><ymax>506</ymax></bndbox></object><object><name>car</name><bndbox><xmin>326</xmin><ymin>190</ymin><xmax>435</xmax><ymax>277</ymax></bndbox></object><object><name>car</name><bndbox><xmin>435</xmin><ymin>128</ymin><xmax>527</xmax><ymax>213</ymax></bndbox></object><object><name>car</name><bndbox><xmin>764</xmin><ymin>280</ymin><xmax>923</xmax><ymax>430</ymax></bndbox></object></annotation>