<annotation><size><width>960</width><height>540</height><depth>3</depth></size><object><name>car</name><bndbox><xmin>451</xmin><ymin>414</ymin><xmax>593</xmax><ymax>537</ymax></bndbox></object><object><name>car</name><bndbox><xmin>355</xmin><ymin>214</ymin><xmax>483</xmax><ymax>318</ymax></bndbox></object><object><name>car</name><bndbox><xmin>159</xmin><ymin>122</ymin><xmax>222</xmax><ymax>178</ymax></bndbox></object><object><name>car</name><bndbox><xmin>399</xmin><ymin>144</ymin><xmax>500</xmax><ymax>223</ymax></bndbox></object></annotation>