<annotation><size><width>960</width><height>540</height><depth>3</depth></size><object><name>car</name><bndbox><xmin>642</xmin><ymin>219</ymin><xmax>765</xmax><ymax>328</ymax></bndbox></object><object><name>car</name><bndbox><xmin>300</xmin><ymin>162</ymin><xmax>409</xmax><ymax>249</ymax></bndbox></object><object><name>car</name><bndbox><xmin>145</xmin><ymin>132</ymin><xmax>204</xmax><ymax>185</ymax></bndbox></object><object><name>car</name><bndbox><xmin>473</xmin><ymin>471</ymin><xmax>648</xmax><ymax>539</ymax></bndbox></object></annotation>