<annotation><size><width>960</width><height>540</height><depth>3</depth></size><object><name>car</name><bndbox><xmin>214</xmin><ymin>137</ymin><xmax>304</xmax><ymax>200</ymax></bndbox></object><object><name>car</name><bndbox><xmin>429</xmin><ymin>142</ymin><xmax>523</xmax><ymax>215</ymax></bndbox></object><object><name>car</name><bndbox><xmin>140</xmin><ymin>146</ymin><xmax>193</xmax><ymax>192</ymax></bndbox></object><object><name>car</name><bndbox><xmin>358</xmin><ymin>124</ymin><xmax>438</xmax><ymax>198</ymax></bndbox></object></annotation>