<annotation><size><width>960</width><height>540</height><depth>3</depth></size><object><name>car</name><bndbox><xmin>441</xmin><ymin>360</ymin><xmax>596</xmax><ymax>477</ymax></bndbox></object><object><name>car</name><bndbox><xmin>579</xmin><ymin>206</ymin><xmax>704</xmax><ymax>318</ymax></bndbox></object><object><name>car</name><bndbox><xmin>310</xmin><ymin>201</ymin><xmax>424</xmax><ymax>291</ymax></bndbox></object><object><name>car</name><bndbox><xmin>184</xmin><ymin>118</ymin><xmax>252</xmax><ymax>171</ymax></bndbox></object><object><name>car</name><bndbox><xmin>397</xmin><ymin>290</ymin><xmax>508</xmax><ymax>395</ymax></bndbox></object><object><name>car</name><bndbox><xmin>805</xmin><ymin>426</ymin><xmax>943</xmax><ymax>535</ymax></bndbox></object></annotation>