<annotation><size><width>960</width><height>540</height><depth>3</depth></size><object><name>car</name><bndbox><xmin>616</xmin><ymin>228</ymin><xmax>730</xmax><ymax>328</ymax></bndbox></object><object><name>car</name><bndbox><xmin>523</xmin><ymin>151</ymin><xmax>633</xmax><ymax>251</ymax></bndbox></object><object><name>car</name><bndbox><xmin>270</xmin><ymin>162</ymin><xmax>383</xmax><ymax>248</ymax></bndbox></object><object><name>car</name><bndbox><xmin>202</xmin><ymin>126</ymin><xmax>292</xmax><ymax>196</ymax></bndbox></object></annotation>