<annotation><size><width>960</width><height>540</height><depth>3</depth></size><object><name>car</name><bndbox><xmin>543</xmin><ymin>191</ymin><xmax>640</xmax><ymax>285</ymax></bndbox></object><object><name>car</name><bndbox><xmin>834</xmin><ymin>417</ymin><xmax>959</xmax><ymax>539</ymax></bndbox></object><object><name>car</name><bndbox><xmin>149</xmin><ymin>136</ymin><xmax>202</xmax><ymax>180</ymax></bndbox></object><object><name>car</name><bndbox><xmin>289</xmin><ymin>123</ymin><xmax>359</xmax><ymax>186</ymax></bndbox></object></annotation>